-- MySQL dump 10.13  Distrib 5.7.15, for Linux (x86_64)
--
-- Host: localhost    Database: it490
-- ------------------------------------------------------
-- Server version	5.7.15-0ubuntu0.16.04.1

/*!40101 SET @OLD_CHARACTER_SET_CLIENT=@@CHARACTER_SET_CLIENT */;
/*!40101 SET @OLD_CHARACTER_SET_RESULTS=@@CHARACTER_SET_RESULTS */;
/*!40101 SET @OLD_COLLATION_CONNECTION=@@COLLATION_CONNECTION */;
/*!40101 SET NAMES utf8 */;
/*!40103 SET @OLD_TIME_ZONE=@@TIME_ZONE */;
/*!40103 SET TIME_ZONE='+00:00' */;
/*!40014 SET @OLD_UNIQUE_CHECKS=@@UNIQUE_CHECKS, UNIQUE_CHECKS=0 */;
/*!40014 SET @OLD_FOREIGN_KEY_CHECKS=@@FOREIGN_KEY_CHECKS, FOREIGN_KEY_CHECKS=0 */;
/*!40101 SET @OLD_SQL_MODE=@@SQL_MODE, SQL_MODE='NO_AUTO_VALUE_ON_ZERO' */;
/*!40111 SET @OLD_SQL_NOTES=@@SQL_NOTES, SQL_NOTES=0 */;

--
-- Table structure for table `recall`
--

DROP TABLE IF EXISTS `recall`;
/*!40101 SET @saved_cs_client     = @@character_set_client */;
/*!40101 SET character_set_client = utf8 */;
CREATE TABLE `recall` (
  `year` varchar(4) DEFAULT NULL,
  `make` varchar(255) DEFAULT NULL,
  `model` varchar(255) DEFAULT NULL,
  `manufacturer` varchar(255) DEFAULT NULL,
  `campaignNum` varchar(255) DEFAULT NULL,
  `reportReceived` varchar(255) DEFAULT NULL,
  `component` varchar(255) DEFAULT NULL,
  `summary` text,
  `consequence` text,
  `remedy` text,
  `notes` text,
  `lookupTime` date DEFAULT NULL
) ENGINE=InnoDB DEFAULT CHARSET=latin1;
/*!40101 SET character_set_client = @saved_cs_client */;

--
-- Dumping data for table `recall`
--

LOCK TABLES `recall` WRITE;
/*!40000 ALTER TABLE `recall` DISABLE KEYS */;
INSERT INTO `recall` VALUES ('2001','ford','focus','FORD MOTOR COMPANY','00V418000','2000-12-14T00:00:00','SEATS:FRONT ASSEMBLY:RECLINER','VEHICLE DESCRIPTION:  STATION WAGONS AND 3-DOOR VEHICLES.  THE SUBJECT VEHICLES HAVE A FOLDING 60/40 SECOND SEAT THAT BECOMES A LOAD FLOOR IN THE FOLDED POSITION. WHEN THE 60% PORTION OF THE SEAT IS FOLDED DOWN AND A LOAD IS APPLIED TO THE FRONT EDGE OF THE LOAD FLOOR, THE OUTBOARD HINGE PIVOT COULD DISENGAGE FROM THE HINGE.','IF THE SEAT IS THEN RETURNED TO THE UPRIGHT POSITION WITHOUT RE-ENGAGING THE HINGE PIVOT, THE SEAT AND SEAT BELTS MAY NOT PROVIDE THE INTENDED LEVEL OF PERFORMANCE IN THE EVENT OF A CRASH.','DEALERS WILL INSTALL A REVISED SEAT BACK HINGE PIVOT.','OWNER NOTIFICATION IBEGAN JANUARY 24, 2001.  OWNERS WHO TAKE THEIR VEHICLES TO AN AUTHORIZED DEALER ON AN AGREED UPON SERVICE DATE AND DO NOT RECEIVE THE FREE REMEDY WITHIN A REASONABLE TIME SHOULD CONTACT FORD AT 1-800-392-3673.  ALSO CONTACT THE NATIONAL HIGHWAY TRAFFIC SAFETY ADMINISTRATION\'S AUTO SAFETY HOTLINE AT 1-888-DASH-2-DOT (1-888-327-4236).','2016-10-23'),('2001','ford','focus','FORD MOTOR COMPANY','01I017000','2001-11-29T00:00:00','WHEELS:LUGS/NUTS/BOLTS','THIS IS NOT A SAFETY RECALL IN ACCORDANCE WITH THE SAFETY ACT.  HOWEVER, IT IS DEEMED A SAFETY IMPROVEMENT CAMPAIGN BY THE AGENCY.   VEHICLE DESCRIPTION:  2000-2001 FORD FOCUS PASSENGER VEHICLES, ORIGINALLY SOLD IN OR CURRENTLY REGISTERED IN THE STATES OF CONNECTICUT, DELAWARE, ILLINOIS, INDIANA, IOWA, KENTUCKY, MAINE, MARYLAND, MASSACHUSETTS, MICHIGAN, MINNESOTA, MISSOURI, NEW HAMPSHIRE, NEW JERSEY, NEW YORK, OHIOM, PENNSYLVANIA, RHODE ISLAND, VERMONT, WEST VIRGINIA, AND WISCONSIN.  IN HIGH CORROSION AREAS, WHERE SALT IS USED ON ROADWAYS IN THE WINTER, THE REAR WHEEL BEARING SEAL RACE CAN EXPERIENCE SURFACE CORROSION.  IF THIS CONDITION OCCURS, THE WHEEL BEARING SEALS COULD BECOME DAMAGED AND ALLOW CONTAMINATION TO ENTER THE WHEEL BEARINGS.','THE WHEEL BEARINGS COULD PREMATURELY WEAR AND CAUSE A NOTICEABLE NOISE.  IF NOT REPAIRED, THIS CONDITION COULD PROGRESS TO THE POINT WHERE THE WHEEL BEGINS TO WOBBLE.','DEALERS WILL REPLACE THE REAR WHEEL BEARINGS AT NO COST TO THE CONSUMER.  ADDITIONAL BEARING SEALS WILL ALSO BE INSTALLED TO ENSURE A SMOOTH RIDE.  THIS PROGRAM WILL BE IN EFFECT UNTIL DECEMBER 31, 2002, REGARDLESS OF MILEAGE.  EVEN IF THE VEHICLE HAS ALREADY BEEN SERVICED UNDER RECALL CAMPAIGN 00S31, FORD HAS TAKEN ADDITIONAL STEPS TO KEEP THE WHEEL BEARINGS IN TOP SHAPE.\nOWNERS CAN CONTACT FORD AT  1-866-436-7332, CONCERNING THIS PROGRAM.','FORD HAS DECIDED TO CONDUCT A SERVICE CAMPAIGN TO REPLACE THE REAR WHEEL BEARINGS.   OWNERS CAN CONTACT FORD AT  1-866-436-7332, CONCERNING THIS PROGRAM.','2016-10-23'),('2005','MAZDA','MAZDA6','SABERSPORT','09E012000','/Date(1239076800000-0400)/','EXTERIOR LIGHTING','SABERSPORT IS RECALLING 16,270 COMBINATION CORNER AND BUMPER LAMP ASSEMBLIES OF VARIOUS PART NUMBERS SOLD FOR USE AS AFTERMARKET EQUIPMENT FOR VARIOUS PASSENGER VEHICLES.  THESE HEADLAMPS FAIL TO CONFORM TO THE REQUIREMENTS OF FEDERAL MOTOR VEHICLE SAFETY STANDARD NO. 108, \"LAMPS, REFLECTIVE DEVICES, AND ASSOCIATED EQUIPMENT.\"  THESE LAMPS DO NOT CONTAIN THE REQUIRED AMBER SIDE REFLECTORS.','DECREASED LIGHTING VISIBILITY MAY RESULT IN A VEHICLE CRASH.','SABERSPORT WILL NOTIFY OWNERS AND OFFER A FULL REFUND FOR THE NONCOMPLIANT COMBINATION LAMPS.  THE SAFETY RECALL BEGAN ON MAY 11, 2009.  OWNERS MAY CONTACT SABERSPORT AT 1-909-598-7589.  ','THIS RECALL ONLY PERTAINS TO AFTERMARKET REPLACEMENT EQUIPMENT AND HAS NO RELATION TO ANY ORIGINAL EQUIPMENT INSTALLED ON VEHICLES PRODUCED BY THE VEHICLE MANUFACTURER.  IN ORDER TO DETERMINE IF YOUR AFTERMARKET LAMP ASSEMBLY IS AFFECTED BY THIS NONCOMPLIANCE, PLEASE REVIEW THE LIST OF MODEL NUMBERS PROVIDED TO US BY SABERSPORT.  THE LIST CAN BE FOUND UNDER \"DOCUMENT SEARCH\" LOCATED AT THE BOTTOM OF YOUR SCREEN.  OWNERS MAY ALSO CONTACT THE NATIONAL HIGHWAY TRAFFIC SAFETY ADMINISTRATION\'S VEHICLE SAFETY HOTLINE AT 1-888-327-4236 (TTY 1-800-424-9153), OR GO TO <A HREF=HTTP://WWW.SAFERCAR.GOV>HTTP://WWW.SAFERCAR.GOV</A> .','2016-10-29'),('2005','MAZDA','MAZDA6','THULE, INC.','09E011000','/Date(1238644800000-0400)/','EQUIPMENT','THULE, INC. IS RECALLING 2,323 OWNER-INSTALLED ROOF-MOUNTED FIT KITS, MODELS 3068 AND 3069, MANUFACTURED BETWEEN JANUARY 1, 2008 AND FEBRUARY 28, 2009 THAT ARE USED WITH THULE PODIUM FOOT PACKS, MODELS 460 AND 460R.  THESE FIT KITS WERE SOLD AS AFTERMARKET EQUIPMENT FOR USE ON THE VEHICLES LISTED ABOVE.  THE BOLT(S) USED TO SECURE THE FOOT TO THE VEHICLE WAS MANUFACTURED TO A HARDNESS THAT MAY CAUSE THE BOLT(S) TO BE BRITTLE AND POTENTIALLY BREAK UNDER STRESS.','THIS MAY RESULT IN THE BOLT(S) SNAPPING OFF DURING USE OR WITHOUT A LOAD.  THE UNSECURED RACK AND LOAD CAN THEN COME LOOSE WHILE DRIVING CREATING A POTENTIAL ROAD HAZARD, POSSIBLY RESULTING IN A VEHICLE CRASH.','THULE WILL MAIL A RETRO FIT KIT ALONG WITH REPAIR INSTRUCTIONS TO OWNERS FREE OF CHARGE.  THE SAFETY RECALL IS EXPECTED TO BEGIN ON OR BEFORE APRIL 13, 2009.  OWNERS MAY CONTACT THULE TOLL-FREE AT 1-800-238-2388.','THIS RECALL ONLY PERTAINS TO THULE AFTERMARKET ROOF MOUNTED LOAD CARRIERS AND HAS NO RELATION TO ANY ORIGINAL EQUIPMENT INSTALLED ON THE LISTED PASSENGER VEHICLES.  OWNERS MAY ALSO CONTACT THE NATIONAL HIGHWAY TRAFFIC SAFETY ADMINISTRATION\'S VEHICLE SAFETY HOTLINE AT 1-888-327-4236 (TTY 1-800-424-9153), OR GO TO <A HREF=HTTP://WWW.SAFERCAR.GOV>HTTP://WWW.SAFERCAR.GOV</A> .','2016-10-29'),('2005','MAZDA','MAZDA6','DOPE, INC.','09E025000','/Date(1242014400000-0400)/','EXTERIOR LIGHTING:HEADLIGHTS','DOPE, INC. IS RECALLING 42,540 COMBINATION CORNER AND BUMPER LAMP ASSEMBLIES OF VARIOUS PART NUMBERS SOLD FOR USE AS AFTERMARKET EQUIPMENT FOR VARIOUS PASSENGER VEHICLES.  THESE HEADLAMPS FAIL TO CONFORM TO THE REQUIREMENTS OF FEDERAL MOTOR VEHICLE SAFETY STANDARD NO. 108, \"LAMPS, REFLECTIVE DEVICES, AND ASSOCIATED EQUIPMENT.\"  THESE LAMPS DO NOT CONTAIN THE REQUIRED AMBER SIDE REFLECTORS.','DECREASED LIGHTING VISIBILITY MAY RESULT IN A VEHICLE CRASH.','DOPE, INC. WILL NOTIFY OWNERS AND OFFER A FULL REFUND FOR THE NONCOMPLIANT COMBINATION LAMPS.  THE SAFETY RECALL BEGAN ON JULY 28, 2009.  OWNERS MAY CONTACT DOPE, INC. AT 1-626-272-1798.  ','THIS RECALL ONLY PERTAINS TO AFTERMARKET REPLACEMENT EQUIPMENT AND HAS NO RELATION TO ANY ORIGINAL EQUIPMENT INSTALLED ON VEHICLES PRODUCED BY THE VEHICLE MANUFACTURER.  IN ORDER TO DETERMINE IF YOUR AFTERMARKET LAMP ASSEMBLY IS AFFECTED BY THIS NONCOMPLIANCE, PLEASE REVIEW THE LIST OF MODEL NUMBERS PROVIDED TO US BY DOPE, INC.  THE LIST CAN BE FOUND UNDER \"DOCUMENT SEARCH\" LOCATED AT THE BOTTOM OF YOUR SCREEN.   \r\nOWNERS MAY ALSO CONTACT THE NATIONAL HIGHWAY TRAFFIC SAFETY ADMINISTRATION\'S VEHICLE SAFETY HOTLINE AT 1-888-327-4236 (TTY 1-800-424-9153), OR GO TO <A HREF=HTTP://WWW.SAFERCAR.GOV>HTTP://WWW.SAFERCAR.GOV</A> .','2016-10-29'),('2005','MAZDA','MAZDA6','Mazda North American Operations','14V773000','/Date(1417669200000-0500)/','AIR BAGS','Mazda North American Operations (Mazda) is recalling certain model year 2003-2006 Mazda6, and model year 2004-2005 RX-8, and MPV vehicles originally sold, or ever registered, in geographic locations associated with high absolute humidity. Specifically, vehicles sold, or ever registered, in Alabama, Florida, Georgia, Hawaii, Louisiana, Mississippi, Texas, Puerto Rico, Saipan and Guam.  Upon deployment of the passenger side frontal air bag, excessive internal pressure may cause the inflator to rupture.  ','In the event of a crash necessitating deployment of the passengers frontal air bag, the inflator could rupture with metal fragments striking the vehicle occupants potentially resulting in serious injury or death.','Mazda will notify owners, and dealers will replace the front passenger air bag inflators, free of charge. The recall began February 4, 2015.  Owners may contact Mazda customer service at 1-800-222-5500.  Mazda\'s number for this recall is 8114L.  Note: This recall supersedes safety recall 14V-344 as to the front passenger air bag inflators.  ','Owners may also contact the National Highway Traffic Safety Administration Vehicle Safety Hotline at 1-888-327-4236 (TTY 1-800-424-9153), or go to www.safercar.gov.','2016-10-29'),('2005','MAZDA','MAZDA6','Mazda North American Operations','15V869000','/Date(1450846800000-0500)/','AIR BAGS:PASSENGER SIDE FRONTAL','Mazda North American Operations (Mazda) is recalling certain model year 2003-2008 Mazda6 vehicles manufactured May 29, 2002, to May 5, 2008, 2006-2007 Mazdaspeed6 vehicles manufactured July 1, 2005, to June 29, 2007, and a limited production of model year 2004 RX-8 vehicles manufactured June 25, 2003, to June 30, 2003.  The inflators in the front passenger air bags are susceptible to rupture in the event of a crash necessitating the deployment of the front passenger air bag. ','In the event of a crash necessitating deployment of the passenger\'s frontal air bag, the inflator could rupture with metal fragments striking the vehicle occupants potentially resulting in serious injury or death.','Mazda will notify owners, and dealers will replace the passenger\'s frontal air bag with a new one, free of charge.  The recall began on February 16, 2016.  Owners may contact Mazda customer service at 1-800-222-5500.  Mazda\'s number for this recall is 9015L.  Note: This recall supersedes recalls 13V-130 and 14V-362 in their entirety.  This recall partially supersedes recall 14V-773 in that model year 2003-2006 Mazda6 vehicles covered by that recall are now covered by this campaign.','Owners may also contact the National Highway Traffic Safety Administration Vehicle Safety Hotline at 1-888-327-4236 (TTY 1-800-424-9153), or go to www.safercar.gov.','2016-10-29'),('2005','MAZDA','MAZDA6','Mazda North American Operations','15V382000','/Date(1434513600000-0400)/','AIR BAGS:FRONTAL:DRIVER SIDE INFLATOR MODULE','Mazda North American Operations (Mazda) is recalling certain model year 2003-2008 Mazda6 vehicles manufactured May 29, 2002, to May 5, 2008, 2004-2008 RX-8 vehicles manufactured April 10, 2003, to February 18, 2008, and 2006-2007 Mazdaspeed6 vehicles manufactured August 4, 2005, to June 29, 2007.  The affected vehicles are equipped with a dual-stage driver frontal air bag that may be susceptible to moisture intrusion and other factors, including manufacturing variability that, over time, could cause the inflator to rupture.','In the event of a crash necessitating deployment of the driver\'s frontal air bag, the inflator could rupture with metal fragments striking the driver or other occupants resulting in serious injury or death.','Mazda will notify owners, and dealers will replace the driver\'s frontal air bag inflator, free of charge.  The recall began on November 20, 2015.  Owners may contact Mazda customer service at 1-800-222-5500.  Mazda\'s number for this recall is 8215F.  Note: This recall supersedes 15V345.  Owners who had their vehicle\'s interim repair completed under recall 15V-345 still need to have their vehicles remedied again under this recall.','Owners may also contact the National Highway Traffic Safety Administration Vehicle Safety Hotline at 1-888-327-4236 (TTY 1-800-424-9153), or go to www.safercar.gov.','2016-10-29'),('2005','MAZDA','MAZDA6','Mazda North American Operations','16V354000','/Date(1464148800000-0400)/','AIR BAGS:PASSENGER SIDE FRONTAL','Mazda North American Operations (Mazda) is recalling certain model year 2004-2011 RX-8, 2004-2006 MPV, 2003-2008 Mazda6, and 2006-2007 Mazdaspeed6 vehicles, originally sold, or ever registered, in Alabama, California, Florida, Georgia, Hawaii, Louisiana, Mississippi, South Carolina, Texas, Puerto Rico, American Samoa, Guam, the Northern Mariana Islands (Saipan), and the U.S. Virgin Islands, or \"Zone A.\"\r\n\r\nAdditionally, unless included in \"Zone A\" above, Mazda is recalling certain model year 2004-2008 RX-8, 2004-2006 MPV, 2003-2008 Mazda6 vehicles, originally sold, or ever registered, in Arizona, Arkansas, Delaware, District of Columbia, Illinois, Indiana, Kansas, Kentucky, Maryland, Missouri, Nebraska, Nevada, New Jersey, New Mexico, North Carolina, Ohio, Oklahoma, Pennsylvania, Tennessee, Virginia, and West Virginia, or \"Zone B.\"  \r\n\r\nLastly, unless included in \"Zone A\" or \"Zone B\" above, Mazda is recalling certain model year 2004 Mazda RX-8 and MPV, 2003-2004 Mazda6 vehicles originally sold, or registered, in Alaska, Colorado, Connecticut, Idaho, Iowa, Maine, Massachusetts, Michigan, Minnesota, Montana, New Hampshire, New York, North Dakota, Oregon, Rhode Island, South Dakota, Utah, Vermont, Washington, Wisconsin, and Wyoming.\r\n\r\nThese vehicles are equipped with certain air bag inflators assembled as part of the passenger frontal air bag modules, and used as original equipment or replacement equipment.  In the event of a crash necessitating deployment of the front air bags, these inflators may rupture due to propellant degradation occurring after long-term exposure to absolute humidity and temperature cycling.','An inflator rupture may result in metal fragments striking the vehicle occupants resulting in serious injury or death.','Mazda will notify owners, and dealers will replace the passenger frontal air bag inflator, free of charge.  The interim owner letter was sent out July 19, 2016 a second letter will be sent when parts are available.  Owners may contact Mazda customer service at 1-800-222-5500.  Mazda\'s number for this recall is 9416E.','Owners may also contact the National Highway Traffic Safety Administration Vehicle Safety Hotline at 1-888-327-4236 (TTY 1-800-424-9153), or go to www.safercar.gov.','2016-10-29'),('2015','AUDI','Q5','Volkswagen Group of America, Inc.','16V045000','/Date(1453957200000-0500)/','AIR BAGS:SIDE/WINDOW','Volkswagen Group of America, Inc. (Volkswagen) is recalling certain model year 2015 Volkswagen Tiguan vehicles manufactured January 15, 2015, to January 21, 2015, and 2015 Audi Q5 vehicles manufactured January 13, 2015, to February 3, 2015.  The affected vehicles are equipped with driver and front seat passenger seat-mounted air bag inflators that may rupture in the event of a crash. ','In the event of a crash necessitating deployment of a seat-mounted air bag, the inflator could rupture with metal fragments striking the driver or other occupants resulting in serious injury or death.','Volkswagen will notify owners, and dealers will replace the side air bag modules, free of charge.  The recall began July 7, 2016.  Owners may contact Audi customer service at 1-800-822-2834 or Volkswagen customer service at 1-800-893-5298.  Volkswagen\'s number for this recall is 69M1 (for Audi) and 69L9 (for VW). ','Owners may also contact the National Highway Traffic Safety Administration Vehicle Safety Hotline at 1-888-327-4236 (TTY 1-800-424-9153), or go to www.safercar.gov.','2016-10-29'),('2015','BISON','PREMIERE','Bison Coach, LLC','16V622000','/Date(1472097600000-0400)/','ELECTRICAL SYSTEM:BATTERY | ELECTRICAL SYSTEM:BATTERY:CABLES','Bison Coach, LLC (Bison) is recalling certain model year 2015-2016 Premiere, Silverado, Laredo, Ranger, Trail Hand, and Trail Boss gooseneck horse trailers.  The affected trailers do not have an inline fuse installed on the battery cable.','In the event of an electrical short circuit, the battery wiring could overheat, increasing the risk of a fire. ','Bison has notified owners, and dealers will install a 30-amp inline fuse on the battery cable, free of charge.  The recall began on September 15, 2016.  Owners may contact Bison customer service at 1-574-658-4161.  Bison\'s number for this recall is 9010.','Owners may also contact the National Highway Traffic Safety Administration Vehicle Safety Hotline at 1-888-327-4236 (TTY 1-800-424-9153), or go to www.safercar.gov.','2016-11-01'),('2016','ACURA','MDX','Honda (American Honda Motor Co.)','16V417000','/Date(1465444800000-0400)/','FUEL SYSTEM, GASOLINE:STORAGE:TANK ASSEMBLY','Honda (American Honda Motor Co.) is recalling certain model year 2015 Acura MDX 2WD and MDX 4WD vehicles, 2016 Acura MDX 4WD vehicles, 2015-2016 Honda Odyssey vehicles, and 2016 Honda Pilot 2WD and 4WD vehicles.  The affected vehicles have fuel tanks that were manufactured with insufficient welds which may separate and allow fuel to leak out.','A fuel leak in the presence of an ignition source may result in a fire.','Honda will notify owners, and dealers will replace the fuel tanks, free of charge.  Owners may contact Honda/Acura customer service at 1-888-234-2138.  The recall began on July 29, 2016.  Honda\'s numbers for this recall are KA9 (Honda vehicles) and KB0 (Acura vehicles).','Owners may also contact the National Highway Traffic Safety Administration Vehicle Safety Hotline at 1-888-327-4236 (TTY 1-800-424-9153), or go to www.safercar.gov.','2016-11-01'),('2000','SATURN','LS','GENERAL MOTORS CORP.','99V345000','/Date(944110800000-0500)/','FUEL SYSTEM, GASOLINE:STORAGE','VEHICLE DESCRIPTION:  PASSENGER VEHICLES.   FUEL TANK ASSEMBLIES IN THESE VEHICLES HAVE AN OVER PRESSURE RELIEF (OPR) VALVE THAT CAN BECOME STUCK OPEN IN A FRONTAL COLLISION.  IF THE VEHICLE ROLLS OVER, FUEL SPILLAGE COULD OCCUR.','IF AN IGNITION SOURCE IS PRESENT, A FIRE COULD RESULT.','DEALERS WILL PERMANENTLY SEAL THE OUTLET PORT OF THE OPR VALVE.','OWNER NOTIFICATION IS EXPECTED TO BEGIN DURING DECEMBER 1999.  OWNERS WHO TAKE THEIR VEHICLES TO AN AUTHORIZED DEALER ON AN AGREED UPON SERVICE DATE AND DO NOT RECEIVE THE FREE REMEDY WITHIN A REASONABLE TIME SHOULD CONTACT SATURN AT 1-800-553-6000, PROMPT #3.    ALSO CONTACT THE NATIONAL HIGHWAY TRAFFIC SAFETY ADMINISTRATION\'S AUTO SAFETY HOTLINE AT 1-888-DASH-2-DOT (1-888-327-4236).\n','2016-11-01'),('2000','SATURN','LS','GENERAL MOTORS CORP.','99V197000','/Date(932961600000-0400)/','FUEL SYSTEM, GASOLINE:STORAGE:TANK ASSEMBLY','VEHICLE DESCRIPTION:  PASSENGER VEHICLES.  THESE VEHICLES DO NOT COMPLY WITH REQUIREMENTS OF FMVSS NO. 301, \"FUEL SYSTEM INTEGRITY.\"   THESE VEHICLES MAY HAVE BEEN PRODUCED WITH AN INOPERATIVE VALVE WITHIN THE FUEL TANK ASSEMBLY.','IF A VEHICLE WITH AN INOPERATIVE VALVE WERE INVOLVED IN A ROLLOVER, FUEL SPILLAGE COULD OCCUR.','DEALERS WILL INSPECT THE VEHICLES TO ENSURE THAT THE FUEL TANK ASSEMBLY VALVE IS OPERATING AS INTENDED.  THEY WILL REPLACE THE FUEL TANK ASSEMBLY IF NECESSARY.','OWNER NOTIFICATION BEGAN JULY 23, 1999.  OWNERS WHO TAKE THEIR VEHICLES TO AN AUTHORIZED DEALER ON AN AGREED UPON SERVICE DATE AND DO NOT RECEIVE THE FREE REMEDY WITHIN A REASONABLE TIME SHOULD CONTACT SATURN AT 1-800-553-6000, PROMPT 3.   ALSO CONTACT THE NATIONAL HIGHWAY TRAFFIC SAFETY ADMINISTRATION\'S AUTO SAFETY HOTLINE AT 1-888-DASH-2-DOT (1-888-327-4236).\r\n','2016-11-01'),('2000','SATURN','LS','GENERAL MOTORS CORP.','99V199000','/Date(932961600000-0400)/','EXTERIOR LIGHTING:TURN SIGNAL:SWITCH','VEHICLE DESCRIPTION:  PASSENGER VEHICLES. THESE VEHICLES DO NOT COMPLY WITH REQUIREMENTS OF FMVSS NO. 108, \"LAMPS, REFLECTIVE DEVICES, AND ASSOCIATED EQUIPMENT.\"  BECAUSE OF A PROBLEM IN THE HAZARD WARNING SWITCH ASSEMBLY, THE TURN SIGNAL LAMPS MAY NOT WORK OR MAY WORK INTERMITTENTLY WHEN THE DRIVER USES THE TURN SIGNAL LEVER OR HAZARD WARNING SWITCH.  IF THE VEHICLE TURN SIGNAL INDICATORS ARE NOT FLASHING, THEN THE TURN SIGNAL LAMPS MAY NOT BE FLASHING.','OTHER DRIVERS MAY NOT BE ALERTED THAT THE VEHICLE IS TURNING AND A CRASH COULD OCCUR.','DEALERS WILL REPLACE THE HAZARD WARNING SWITCH ASSEMBLY.','OWNER NOTIFICATION BEGAN JULY 23, 1999.  OWNERS WHO TAKE THEIR VEHICLES TO AN AUTHORIZED DEALER ON AN AGREED UPON SERVICE DATE AND DO NOT RECEIVE THE FREE REMEDY WITHIN A REASONABLE TIME SHOULD CONTACT SATURN AT 1-800-553-6000, PROMPT 3.   ALSO CONTACT THE NATIONAL HIGHWAY TRAFFIC SAFETY ADMINISTRATION\'S AUTO SAFETY HOTLINE AT 1-888-DASH-2-DOT (1-888-327-4236).\r\n','2016-11-01'),('2000','SATURN','LS','GENERAL MOTORS CORP.','00V228003','/Date(965620800000-0400)/','SEAT BELTS','VEHICLE DESCRIPTION:  PASSENGER VEHICLES, LIGHT DUTY TRUCKS, SPORT UTILITY VEHICLES, AND MINI VANS EQUIPPED WITH TRW SEAT BELT BUCKLE ASSEMBLIES.  THE BUCKLE BASE OF THESE SEAT BELT ASSEMBLIES WERE NOT PROPERLY HEAT TREATED AND THEREFORE DO NOT PASS THE LOAD BEARING REQUIREMENT OF FEDERAL MOTOR VEHICLE SAFETY STANDARD NO. 209, \"SEAT BELT ASSEMBLIES.\"','IN THE EVENT OF A VEHICLE CRASH, THE OCCUPANT MAY NOT BE PROPERLY RESTRAINED.','DEALERS WILL INSPECT THE VEHICLE\'S SAFETY BELT BUCKLE ASSEMBLY DATE CODES AND, IF NECESSARY, WILL REPLACE ANY SAFETY BELT BUCKLE ASSEMBLY.','OWNER NOTIFICATION BEGAN AUGUST 24, 2000.   OWNERS WHO TAKE THEIR VEHICLES TO AN AUTHORIZED DEALER ON AN AGREED UPON SERVICE DATE AND DO NOT RECEIVE THE FREE REMEDY WITHIN A REASONABLE TIME SHOULD CONTACT BUICK AT 1-800-521-7300; CHEVROLET AT 1-800-222-1020; GMC AT 1-800-462-8782; OLDSMOBILE AT 1-800-442-6537; PONTIAC AT 1-800-762-2737; OR SATURN AT 1-800-553-6000.     ALSO CONTACT THE NATIONAL HIGHWAY TRAFFIC SAFETY ADMINISTRATION\'S AUTO SAFETY HOTLINE AT 1-888-DASH-2-DOT (1-888-327-4236).','2016-11-01'),('2000','SATURN','LS','GENERAL MOTORS CORP.','03V231000','/Date(1056340800000-0400)/','ELECTRICAL SYSTEM:IGNITION:MODULE','ON CERTAIN PASSENGER VEHICLES EQUIPPED WITH 2.2L L4 (L61) ENGINES, A FAILURE OF THE IGNITION CONTROL MODULE MAY CAUSE DETERIORATION IN IDLE QUALITY, REDUCTION IN OVERALL ENGINE POWER, AND THE VEHICLE MAY BE HARD TO START.  CONTINUED OPERATION OF THE VEHICLE AFTER SUCH AN IGNITION MODULE FAILURE WILL RESULT IN THE \"SERVICE ENGINE SOON\" LIGHT FLASHING, AND MAY LEAD TO SECONDARY FAILURES OF THE CATALYTIC CONVERTER, OXYGEN SENSOR, AND EXHAUST RESONATOR.    \r\n','FAILURE OF THE RESONATOR WILL CAUSE INCREASED EXHAUST NOISE.  PROLONGED OPERATION OF THE VEHICLE FOLLOWING A RESONATOR FAILURE MAY LEAD TO A  FIRE.  ','DEALERS WILL (1) REPLACE THE IGNITION CONTROL MODULE, (2) REPLACE THE IGNITION CONTROL MODULE AND SPARK PLUGS, OR (3) REPLACE THE IGNITION CONTROL MODULE, SPARK PLUGS, AND UPDATE THE POWERTRAIN CONTROL MODULE CALIBRATION.   OWNER NOTIFICATION BEGAN ON AUGUST 4, 2003.  OWNERS SHOULD CONTACT SATURN AT 1-800-553-6000, PROMPT 3.   ','GM RECALL NO. 03033/SATURN RECALL NO. 03-C-06.  CUSTOMERS CAN ALSO CONTACT THE NATIONAL HIGHWAY TRAFFIC SAFETY ADMINISTRATION\'S AUTO SAFETY HOTLINE AT 1-888-DASH-2-DOT (1-888-327-4236).','2016-11-01'),('2000','SATURN','LS','GENERAL MOTORS CORP.','05V245000','/Date(1117684800000-0400)/','EXTERIOR LIGHTING:BRAKE LIGHTS','ON CERTAIN SEDANS AND WAGONS, THE PLASTIC HOUSING IN THE REAR TAIL LAMP ASSEMBLY CAN BECOME DISTORTED IF THE BRAKE LAMPS REMAIN ON FOR AN EXTENDED TIME.','THIS CAN CAUSE (1) AN INTERMITTENTLY INOPERATIVE BRAKE/TAIL LAMP BULB OR (2) A SHORT CIRCUIT THAT OPENS A FUSE CAUSING INOPERATIVE BRAKE LAMPS (INCLUDING THE CENTER HIGH-MOUNTED STOP LAMP) OR TAIL LAMPS.  A FOLLOWING DRIVER MAY NOT KNOW WHEN THE BRAKES HAVE BEEN APPLIED, AND A REAR-END CRASH COULD OCCUR WITHOUT PRIOR WARNING.','DEALERS WILL INSTALL TWO NEW TAIL LAMP REINFORCING SOCKET ADAPTERS AND SOCKETS FREE OF CHARGE.    THE RECALL BEGAN ON OCTOBER 17, 2005.  OWNERS MAY CONTACT SATURN AT 1-800-972-8876.','GM RECALL NO. 05052.  CUSTOMERS MAY ALSO CONTACT THE NATIONAL HIGHWAY TRAFFIC SAFETY ADMINISTRATION\'S VEHICLE SAFETY HOTLINE AT 1-888-327-4236 (TTY 1-800-424-9153), OR GO TO HTTP://WWW.SAFERCAR.GOV.','2016-11-01'),('2015','AUDI','Q3','Volkswagen Group of America, Inc.','15V200000','/Date(1428033600000-0400)/','VISIBILITY:SUN ROOF ASSEMBLY','Volkswagen Group of America, Inc. (Volkswagen) is recalling certain model year 2015 Audi Q3 vehicles manufactured April 4, 2014, to November 5, 2014.  If the vehicle is turned off while the sunroof is closing, the sunroof may continue to close instead of stopping.  As such, these vehicles fail to comply with the requirements of Federal Motor Vehicle Safety Standard (FMVSS) 118, \"Power-Operated Window, Partition, and Roof Panel Systems.\"','If the sunroof is closing while the vehicle is shut off and a vehicle occupant is in its path, there is an increased risk of injury.','Audi will notify owners, and dealers will update the sunroof control module software, free of charge.  The recall began on April 13, 2015.  Owners may contact Audi customer service at 1-800-253-2834.  Volkswagen\'s number for this recall is 60C1. ','Owners may also contact the National Highway Traffic Safety Administration Vehicle Safety Hotline at 1-888-327-4236 (TTY 1-800-424-9153), or go to www.safercar.gov.','2016-11-01'),('2015','AUDI','Q3','Volkswagen Group of America, Inc.','16V642000','/Date(1473134400000-0400)/','ELECTRICAL SYSTEM: SOFTWARE | EXTERIOR LIGHTING','Volkswagen Group of America, Inc. (Volkswagen) is recalling certain model year 2016 TT roadster, A3 cabriolet, A3 sedan and A3 e-tron, 2016-2017 TT coupe, 2017 A4 sedan and Q7 and 2015-2017 Q3 vehicles. The affected vehicles may have been programmed with new software that inadvertently makes the side marker lights inoperative in conjunction with the parking lights or the headlights.  As such, these vehicles fail to comply with the requirements of Federal Motor Vehicle Safety Standard (FMVSS) number 108, \"Lamps, Reflective Devices, and Associated Equipment.\" ','If the side marker lights do not illuminate, the vehicle may be less visible at night, increasing the risk of a crash.','Audi will notify owners, and dealers will upload revised software to correct the issue, free of charge.  The manufacturer has not yet provided a notification schedule.  Owners may contact Audi customer service at 1-800-253-2834.  Volkswagen\'s number for this recall is 97CB.','Owners may also contact the National Highway Traffic Safety Administration Vehicle Safety Hotline at 1-888-327-4236 (TTY 1-800-424-9153), or go to www.safercar.gov.','2016-11-01'),('2009','ALTEC','AA755','ALTEC INDUSTRIES INC.','11V318000','/Date(1307332800000-0400)/','EQUIPMENT','ALTEC IS RECALLING CERTAIN MODEL YEAR 2009-2010 AERIAL DEVICES AND DIGGER DERRICKS UTILITY VEHICLES MANUFACTURED FROM APRIL 2009 THROUGH MAY 2010. THE HIGH STRENGTH FASTENERS THAT CONNECT THE BOOM TURNTABLE TO THE PEDESTAL MAY FAIL DUE TO STRESS CORROSION CRACKING, WHICH COULD CAUSE THE BOOM TO FALL.','A FALLING BOOM MAY CAUSE INJURY TO THE USER OR PEOPLE NEARBY AND DAMAGE TO PERSONAL PROPERTY.','ALTEC WILL REPLACE THE FASTENERS TO CORRECT THIS CONDITION, FREE OF CHARGE.  THE SAFETY RECALL BEGAN DURING JUNE 2011.  OWNERS MAY CONTACT ALTEC AT 1-877-462-5832.','ALTEC SAFETY RECALL NO.  CSN 541A.  OWNERS MAY ALSO CONTACT THE NATIONAL HIGHWAY TRAFFIC SAFETY ADMINISTRATION\'S VEHICLE SAFETY HOTLINE AT 1-888-327-4236 (TTY 1-800-424-9153), OR GO TO <A HREF=HTTP://WWW.SAFERCAR.GOV>HTTP://WWW.SAFERCAR.GOV</A> .\r\n','2016-11-01');
/*!40000 ALTER TABLE `recall` ENABLE KEYS */;
UNLOCK TABLES;

--
-- Table structure for table `user`
--

DROP TABLE IF EXISTS `user`;
/*!40101 SET @saved_cs_client     = @@character_set_client */;
/*!40101 SET character_set_client = utf8 */;
CREATE TABLE `user` (
  `username` varchar(255) NOT NULL,
  `password` varchar(255) DEFAULT NULL,
  `first_name` varchar(255) DEFAULT NULL,
  `last_name` varchar(255) DEFAULT NULL,
  PRIMARY KEY (`username`)
) ENGINE=InnoDB DEFAULT CHARSET=latin1;
/*!40101 SET character_set_client = @saved_cs_client */;

--
-- Dumping data for table `user`
--

LOCK TABLES `user` WRITE;
/*!40000 ALTER TABLE `user` DISABLE KEYS */;
INSERT INTO `user` VALUES ('aholic','123','Alco','Holic'),('bob100','123','bob','bobbinson'),('gaylord33','zx','guy','hyugn'),('kevmck','123','Kev','McK'),('ses','123','dennis','sesma');
/*!40000 ALTER TABLE `user` ENABLE KEYS */;
UNLOCK TABLES;

--
-- Table structure for table `userCar`
--

DROP TABLE IF EXISTS `userCar`;
/*!40101 SET @saved_cs_client     = @@character_set_client */;
/*!40101 SET character_set_client = utf8 */;
CREATE TABLE `userCar` (
  `username` varchar(255) DEFAULT NULL,
  `year` varchar(4) DEFAULT NULL,
  `make` varchar(255) DEFAULT NULL,
  `model` varchar(255) DEFAULT NULL,
  KEY `username` (`username`),
  CONSTRAINT `userCar_ibfk_1` FOREIGN KEY (`username`) REFERENCES `user` (`username`)
) ENGINE=InnoDB DEFAULT CHARSET=latin1;
/*!40101 SET character_set_client = @saved_cs_client */;

--
-- Dumping data for table `userCar`
--

LOCK TABLES `userCar` WRITE;
/*!40000 ALTER TABLE `userCar` DISABLE KEYS */;
INSERT INTO `userCar` VALUES ('kevmck','2014','ACURA','MDX'),('kevmck','2015','AUDI','A4'),('kevmck','2015','AUDI','A4'),('kevmck','2005','MAZDA','MAZDA6'),('bob100','2005','MAZDA','MAZDA6'),('bob100','2015','BISON','PREMIERE'),('bob100','2016','ACURA','MDX'),('bob100','2000','SATURN','LS'),('bob100','2015','AUDI','Q3'),('ses','2009','ALTEC','AA755');
/*!40000 ALTER TABLE `userCar` ENABLE KEYS */;
UNLOCK TABLES;
/*!40103 SET TIME_ZONE=@OLD_TIME_ZONE */;

/*!40101 SET SQL_MODE=@OLD_SQL_MODE */;
/*!40014 SET FOREIGN_KEY_CHECKS=@OLD_FOREIGN_KEY_CHECKS */;
/*!40014 SET UNIQUE_CHECKS=@OLD_UNIQUE_CHECKS */;
/*!40101 SET CHARACTER_SET_CLIENT=@OLD_CHARACTER_SET_CLIENT */;
/*!40101 SET CHARACTER_SET_RESULTS=@OLD_CHARACTER_SET_RESULTS */;
/*!40101 SET COLLATION_CONNECTION=@OLD_COLLATION_CONNECTION */;
/*!40111 SET SQL_NOTES=@OLD_SQL_NOTES */;

-- Dump completed on 2016-11-01 22:22:38
